Type,cue,name,movie
EXPLANATION,,Mangalacharan Overview,exs_100_intromangala.mp4
EXPLANATION,0 - 7000,Bhoomipranam,exs_101_bhumi.mp4
EXPLANATION,,Mangalacharan Overview,exs_100_intromangala.mp4
EXPLANATION,0 - 7000,Durga Stuti,exs_102_durga.mp4
EXPLANATION,,Mangalacharan Overview,exs_100_intromangala.mp4
EXPLANATION,0 - 7000,Ganesh Bandana,exs_103_ganband.mp4
EXPLANATION,,Mangalacharan Overview,exs_100_intromangala.mp4
EXPLANATION,0 - 7000,Sabhapranam,exs_104_sabhapranam.mp4
EXPLANATION,,Sthayi Overview,exs_200_sthayi.mp4
EXPLANATION,0 - 7000,Sthiti,exs_201_sabda.mp4
EXPLANATION,,Sthayi Overview,exs_200_sthayi.mp4
EXPLANATION,0 - 7000,Sthayi - Pankaj Charan Das,exs_202_GPDstha.mp4
EXPLANATION,,Sthayi Overview,exs_200_sthayi.mp4
EXPLANATION,0 - 7000,Battu - Kelucharan Mohapatra,exs_203_battu.mp4
EXPLANATION,,Sthayi Overview,exs_200_sthayi.mp4
EXPLANATION,0 - 7000,Konark Kanti,exs_204_konark.mp4
EXPLANATION,,Pallavi Overview,exs_300_pallavi.mp4
EXPLANATION,0 - 7000,Raga Rageshri,exs_301_rage.mp4
EXPLANATION,,Pallavi Overview,exs_300_pallavi.mp4
EXPLANATION,0 - 7000,Raga Hamsadhwani,exs_302_hamsa.mp4
EXPLANATION,,Abhinaya Overview,exs_400_abhin.mp4
EXPLANATION,0 - 7000,Sakhi Hey,exs_401_sakh.mp4
EXPLANATION,,Abhinaya Overview,exs_400_abhin.mp4
EXPLANATION,0 - 7000,Pratinayaka,exs_402_pratina.mp4
EXPLANATION,,Moksha Overview,exs_500_moksha.mp4
EXPLANATION,0 - 7000,Moksha,exs_501_kelumoksha.mp4
EXPLANATION,,Pada Chalana Overview,exs_600_introchalana.mp4
EXPLANATION,0 - 7000,1,exs_601_pc1.mp4
EXPLANATION,,Pada Chalana Overview,exs_600_introchalana.mp4
EXPLANATION,0 - 7000,2,exs_602_pc2.mp4
EXPLANATION,,Pada Chalana Overview,exs_600_introchalana.mp4
EXPLANATION,0 - 7000,3,exs_603_pc3.mp4
EXPLANATION,,Pada Chalana Overview,exs_600_introchalana.mp4
EXPLANATION,0 - 7000,4,exs_604_pc4.mp4
EXPLANATION,0 - 7000,Vilasini,exs_700_vilas.mp4
EXPLANATION,0 - 7000,Chalo Chalo,exs_800_chalo.mp4
EXPLANATION,0 - 7000,Gatibilas (Simha),exs_900_liongati.mp4
EXPLANATION,0 - 7000,Gatibilas (Hamsa),exs_1000_swangati.mp4
EXPLANATION,0 - 7000,Debi Bharani,exs_1100_debi.mp4
EXPLANATION,0 - 7000,Kundalika,exs_1200_kunda.mp4
EXPLANATION,,Bhramari Overview,exu_800_01_introbhrasb.mp4
EXPLANATION,0 - 7000,Abahani,exs_1300_abah.mp4
EXPLANATION,0 - 7000,Dasavatara,exs_1400_dasa.mp4
EXPLANATION,0 - 7000,Abartan Bibartan,exs_1500_abbb.mp4
EXPLANATION,0 - 7000,Murchhana,exs_1600_murch.mp4
EXPLANATION,0 - 7000,Shiv Parvathi Sabda,exs_1700_sabda.mp4
EXPLANATION,0 - 7000,Sthayi & Sanchari Bhava,exs_1800_sthsan.mp4
EXPLANATION,,Bhangi Overview,exu_001_introBhangi.mp4
EXPLANATION,0 - 7000,Sama Bhanga,exu_101_samabhanga.mp4
EXPLANATION,,Bhangi Overview,exu_001_introBhangi.mp4
EXPLANATION,0 - 7000,Ardha Bhanga/ Abhangi,exu_102_ardhabhanga.mp4
EXPLANATION,,Bhangi Overview,exu_001_introBhangi.mp4
EXPLANATION,0 - 7000,Chauka,exu_103_chaukabhanga.mp4
EXPLANATION,,Bhangi Overview,exu_001_introBhangi.mp4
EXPLANATION,0 - 7000,Tribhangi,exu_104_tribhangi.mp4
EXPLANATION,,Bhangi Overview,exu_001_introBhangi.mp4
EXPLANATION,0 - 7000,Atibhanga,exu_105_atibhanga.mp4
EXPLANATION,,Shilpa Bhangima Overview,exu_200_intoshilpa.mp4
EXPLANATION,0 - 7000,Mardala,exu_201_marda.mp4
EXPLANATION,,Shilpa Bhangima Overview,exu_200_intoshilpa.mp4
EXPLANATION,0 - 7000,Beena,exu_202_beena.mp4
EXPLANATION,,Shilpa Bhangima Overview,exu_200_intoshilpa.mp4
EXPLANATION,0 - 7000,Manjeera,exu_203_manj.mp4
EXPLANATION,,Shilpa Bhangima Overview,exu_200_intoshilpa.mp4
EXPLANATION,0 - 7000,Bansi,exu_204_bans.mp4
EXPLANATION,,Shilpa Bhangima Overview,exu_200_intoshilpa.mp4
EXPLANATION,0 - 7000,Alasa,exu_205_alas.mp4
EXPLANATION,,Shilpa Bhangima Overview,exu_200_intoshilpa.mp4
EXPLANATION,0 - 7000,Darpana,exu_206_darp.mp4
EXPLANATION,,Shilpa Bhangima Overview,exu_200_intoshilpa.mp4
EXPLANATION,0 - 7000,Salbhanjika,exu_207_sala.mp4
EXPLANATION,,Shilpa Bhangima Overview,exu_200_intoshilpa.mp4
EXPLANATION,0 - 7000,Abhiman,exu_208_abhi.mp4
EXPLANATION,,Shilpa Bhangima Overview,exu_200_intoshilpa.mp4
EXPLANATION,0 - 7000,Rama,exu_209_rama.mp4
EXPLANATION,,Shilpa Bhangima Overview,exu_200_intoshilpa.mp4
EXPLANATION,0 - 7000,Ravana,exu_210_rava.mp4
EXPLANATION,,Shilpa Bhangima Overview,exu_200_intoshilpa.mp4
EXPLANATION,0 - 7000,Surya,exu_211_sury.mp4
EXPLANATION,,Shilpa Bhangima Overview,exu_200_intoshilpa.mp4
EXPLANATION,0 - 7000,Vishnu,exu_212_vish.mp4
EXPLANATION,,Shilpa Bhangima Overview,exu_200_intoshilpa.mp4
EXPLANATION,0 - 7000,Shiva,exu_213_shiv.mp4
EXPLANATION,,Shilpa Bhangima Overview,exu_200_intoshilpa.mp4
EXPLANATION,0 - 7000,Durga,exu_214_durg.mp4
EXPLANATION,,Padabheda Overview,exu_300_intropadabheda.mp4
EXPLANATION,,Sama Overview,exu_301_0_oversama.mp4
EXPLANATION,0 - 7000,Adi,exu_301_adi.mp4
EXPLANATION,,Padabheda Overview,exu_300_intropadabheda.mp4
EXPLANATION,,Sama Overview,exu_301_0_oversama.mp4
EXPLANATION,0 - 7000,Rekha,exu_302_rekha.mp4
EXPLANATION,,Padabheda Overview,exu_300_intropadabheda.mp4
EXPLANATION,,Sama Overview,exu_301_0_oversama.mp4
EXPLANATION,0 - 7000,Sama,exu_303_sama.mp4
EXPLANATION,,Padabheda Overview,exu_300_intropadabheda.mp4
EXPLANATION,,Sama Overview,exu_301_0_oversama.mp4
EXPLANATION,0 - 7000,Viparitha/dwimukha,exu_304_viparith.mp4
EXPLANATION,,Padabheda Overview,exu_300_intropadabheda.mp4
EXPLANATION,,Chauka Overview,exu_305_0_overchauk.mp4
EXPLANATION,0 - 7000,Ardhaswastika,exu_305_arswastika.mp4
EXPLANATION,,Padabheda Overview,exu_300_intropadabheda.mp4
EXPLANATION,,Chauka Overview,exu_305_0_overchauk.mp4
EXPLANATION,0 - 7000,Swastika,exu_306_swastika.mp4
EXPLANATION,,Padabheda Overview,exu_300_intropadabheda.mp4
EXPLANATION,,Chauka Overview,exu_305_0_overchauk.mp4
EXPLANATION,0 - 7000,Kumbha,exu_307_kumbha.mp4
EXPLANATION,,Padabheda Overview,exu_300_intropadabheda.mp4
EXPLANATION,,Chauka Overview,exu_305_0_overchauk.mp4
EXPLANATION,0 - 7000,Ardha-chauka,exu_308_archauka.mp4
EXPLANATION,,Padabheda Overview,exu_300_intropadabheda.mp4
EXPLANATION,,Chauka Overview,exu_305_0_overchauk.mp4
EXPLANATION,0 - 7000,Chauka,exu_309_chaukapada.mp4
EXPLANATION,,Padabheda Overview,exu_300_intropadabheda.mp4
EXPLANATION,,Chauka Overview,exu_305_0_overchauk.mp4
EXPLANATION,0 - 7000,Mandala,exu_310_mandala.mp4
EXPLANATION,,Padabheda Overview,exu_300_intropadabheda.mp4
EXPLANATION,,Tribhangi Overview,exu_311_0_overtri.mp4
EXPLANATION,0 - 7000,Trasya,exu_311_trasya.mp4
EXPLANATION,,Padabheda Overview,exu_300_intropadabheda.mp4
EXPLANATION,,Tribhangi Overview,exu_311_0_overtri.mp4
EXPLANATION,0 - 7000,Dhanu,exu_312_dhanu.mp4
EXPLANATION,,Padabheda Overview,exu_300_intropadabheda.mp4
EXPLANATION,,Tribhangi Overview,exu_311_0_overtri.mp4
EXPLANATION,0 - 7000,Prusthadhanu,exu_313_prushtha.mp4
EXPLANATION,,Padabheda Overview,exu_300_intropadabheda.mp4
EXPLANATION,,Tribhangi Overview,exu_311_0_overtri.mp4
EXPLANATION,0 - 7000,Suchi,exu_314_suchi.mp4
EXPLANATION,,Padabheda Overview,exu_300_intropadabheda.mp4
EXPLANATION,,Tribhangi Overview,exu_311_0_overtri.mp4
EXPLANATION,0 - 7000,Kunchita,exu_315_kunchita.mp4
EXPLANATION,,Padabheda Overview,exu_300_intropadabheda.mp4
EXPLANATION,,Tribhangi Overview,exu_311_0_overtri.mp4
EXPLANATION,0 - 7000,Vilagna Parshani,exu_316_vilagna.mp4
EXPLANATION,,Padabheda Overview,exu_300_intropadabheda.mp4
EXPLANATION,,Ardha Bhanga Overview,exu_317_0_overardh.mp4
EXPLANATION,0 - 7000,Anukunchita,exu_317_anukun.mp4
EXPLANATION,,Padabheda Overview,exu_300_intropadabheda.mp4
EXPLANATION,,Ardha Bhanga Overview,exu_317_0_overardh.mp4
EXPLANATION,0 - 7000,Gharshita,exu_318_gharsita.mp4
EXPLANATION,,Padabheda Overview,exu_300_intropadabheda.mp4
EXPLANATION,,Ardha Bhanga Overview,exu_317_0_overardh.mp4
EXPLANATION,0 - 7000,Utparshani,exu_319_utparshini.mp4
EXPLANATION,,Padabheda Overview,exu_300_intropadabheda.mp4
EXPLANATION,,Others Overview,exu_320_0_overview.mp4
EXPLANATION,0 - 7000,Ashrita,exu_320_ashrita.mp4
EXPLANATION,,Padabheda Overview,exu_300_intropadabheda.mp4
EXPLANATION,,Others Overview,exu_320_0_overview.mp4
EXPLANATION,0 - 7000,Meenapuchha,exu_321_meena.mp4
EXPLANATION,,Padabheda Overview,exu_300_intropadabheda.mp4
EXPLANATION,,Others Overview,exu_320_0_overview.mp4
EXPLANATION,0 - 7000,Lolita,exu_322_lalita.mp4
EXPLANATION,,Padabheda Overview,exu_300_intropadabheda.mp4
EXPLANATION,,Others Overview,exu_320_0_overview.mp4
EXPLANATION,0 - 7000,Uttolita pada,exu_323_uttalita.mp4
EXPLANATION,,Padabheda Overview,exu_300_intropadabheda.mp4
EXPLANATION,,Others Overview,exu_320_0_overview.mp4
EXPLANATION,0 - 7000,Ullolita,exu_324_ullolita.mp4
EXPLANATION,,Padabheda Overview,exu_300_intropadabheda.mp4
EXPLANATION,,Others Overview,exu_320_0_overview.mp4
EXPLANATION,0 - 7000,Janu Ashrita,exu_325_januash.mp4
EXPLANATION,,Padabheda Overview,exu_300_intropadabheda.mp4
EXPLANATION,,Others Overview,exu_320_0_overview.mp4
EXPLANATION,0 - 7000,Nupura,exu_326_nupura.mp4
EXPLANATION,,Padabheda Overview,exu_300_intropadabheda.mp4
EXPLANATION,,Others Overview,exu_320_0_overview.mp4
EXPLANATION,0 - 7000,Alidha,exu_327_alidha.mp4
EXPLANATION,,Padabheda Overview,exu_300_intropadabheda.mp4
EXPLANATION,,Others Overview,exu_320_0_overview.mp4
EXPLANATION,0 - 7000,Pratyalidha,exu_328_pratya.mp4
EXPLANATION,,Padabheda Overview,exu_300_intropadabheda.mp4
EXPLANATION,,Others Overview,exu_320_0_overview.mp4
EXPLANATION,0 - 7000,Bandhani,exu_329_bandha.mp4
EXPLANATION,,Padabheda Overview,exu_300_intropadabheda.mp4
EXPLANATION,,Others Overview,exu_320_0_overview.mp4
EXPLANATION,0 - 7000,Ekapada,exu_330_ekapada.mp4
EXPLANATION,,Padabheda Overview,exu_300_intropadabheda.mp4
EXPLANATION,,Others Overview,exu_320_0_overview.mp4
EXPLANATION,0 - 7000,Janghashrita,exu_331_jangha.mp4
EXPLANATION,,Padabheda Overview,exu_300_intropadabheda.mp4
EXPLANATION,,Others Overview,exu_320_0_overview.mp4
EXPLANATION,0 - 7000,Mahapada,exu_332_mahapada.mp4
EXPLANATION,,Padabheda Overview,exu_300_intropadabheda.mp4
EXPLANATION,,Others Overview,exu_320_0_overview.mp4
EXPLANATION,0 - 7000,Prushta Mahapada,exu_333_prushta.mp4
EXPLANATION,,Bakshyachalana Overview,exu_500_introbaks.mp4
EXPLANATION,0 - 7000,Bamachala - Dakshyachala,exu_501_bamdaksh.mp4
EXPLANATION,,Bakshyachalana Overview,exu_500_introbaks.mp4
EXPLANATION,0 - 7000,Agrachala - Prushthachala,exu_502_agraprush.mp4
EXPLANATION,,Bakshyachalana Overview,exu_500_introbaks.mp4
EXPLANATION,0 - 7000,Prachala,exu_503_prachala.mp4
EXPLANATION,,Basic steps Overview,exu_600_introcharisb.mp4
EXPLANATION,0 - 7000,Sama-Ardha,exu_601_samardh.mp4
EXPLANATION,,Basic steps Overview,exu_600_introcharisb.mp4
EXPLANATION,0 - 7000,Sama-Ardha,exu_601_samardh.mp4
EXPLANATION,,Basic steps Overview,exu_600_introcharisb.mp4
EXPLANATION,0 - 7000,Sama-Ardha,exu_601_samardh.mp4
EXPLANATION,,Basic steps Overview,exu_600_introcharisb.mp4
EXPLANATION,0 - 7000,Sama-Ardha,exu_601_samardh.mp4
EXPLANATION,,Basic steps Overview,exu_600_introcharisb.mp4
EXPLANATION,0 - 7000,Sama-Ardha,exu_601_samardh.mp4
EXPLANATION,,Basic steps Overview,exu_600_introcharisb.mp4
EXPLANATION,0 - 7000,Sama-Ardha,exu_601_samardh.mp4
EXPLANATION,,Basic steps Overview,exu_600_introcharisb.mp4
EXPLANATION,0 - 7000,Sama-Ardha,exu_601_samardh.mp4
EXPLANATION,,Basic steps Overview,exu_600_introcharisb.mp4
EXPLANATION,0 - 7000,Sama-Ardha,exu_601_samardh.mp4
EXPLANATION,,Basic steps Overview,exu_600_introcharisb.mp4
EXPLANATION,0 - 7000,Sama-Ardha,exu_601_samardh.mp4
EXPLANATION,,Basic steps Overview,exu_600_introcharisb.mp4
EXPLANATION,0 - 7000,Sama-Ardha,exu_601_samardh.mp4
EXPLANATION,,Basic steps Overview,exu_600_introcharisb.mp4
EXPLANATION,0 - 7000,Chauka,exu_602_chaukk.mp4
EXPLANATION,,Basic steps Overview,exu_600_introcharisb.mp4
EXPLANATION,0 - 7000,Chauka,exu_602_chaukk.mp4
EXPLANATION,,Basic steps Overview,exu_600_introcharisb.mp4
EXPLANATION,0 - 7000,Chauka,exu_602_chaukk.mp4
EXPLANATION,,Basic steps Overview,exu_600_introcharisb.mp4
EXPLANATION,0 - 7000,Chauka,exu_602_chaukk.mp4
EXPLANATION,,Basic steps Overview,exu_600_introcharisb.mp4
EXPLANATION,0 - 7000,Chauka,exu_602_chaukk.mp4
EXPLANATION,,Basic steps Overview,exu_600_introcharisb.mp4
EXPLANATION,0 - 7000,Chauka,exu_602_chaukk.mp4
EXPLANATION,,Basic steps Overview,exu_600_introcharisb.mp4
EXPLANATION,0 - 7000,Chauka,exu_602_chaukk.mp4
EXPLANATION,,Basic steps Overview,exu_600_introcharisb.mp4
EXPLANATION,0 - 7000,Chauka,exu_602_chaukk.mp4
EXPLANATION,,Basic steps Overview,exu_600_introcharisb.mp4
EXPLANATION,0 - 7000,Chauka,exu_602_chaukk.mp4
EXPLANATION,,Basic steps Overview,exu_600_introcharisb.mp4
EXPLANATION,0 - 7000,Chauka,exu_602_chaukk.mp4
EXPLANATION,,Basic steps Overview,exu_600_introcharisb.mp4
EXPLANATION,0 - 7000,Tribhangi,exu_603_tribh.mp4
EXPLANATION,,Basic steps Overview,exu_600_introcharisb.mp4
EXPLANATION,0 - 7000,Tribhangi,exu_603_tribh.mp4
EXPLANATION,,Basic steps Overview,exu_600_introcharisb.mp4
EXPLANATION,0 - 7000,Tribhangi,exu_603_tribh.mp4
EXPLANATION,,Basic steps Overview,exu_600_introcharisb.mp4
EXPLANATION,0 - 7000,Tribhangi,exu_603_tribh.mp4
EXPLANATION,,Basic steps Overview,exu_600_introcharisb.mp4
EXPLANATION,0 - 7000,Tribhangi,exu_603_tribh.mp4
EXPLANATION,,Basic steps Overview,exu_600_introcharisb.mp4
EXPLANATION,0 - 7000,Tribhangi,exu_603_tribh.mp4
EXPLANATION,,Basic steps Overview,exu_600_introcharisb.mp4
EXPLANATION,0 - 7000,Tribhangi,exu_603_tribh.mp4
EXPLANATION,,Basic steps Overview,exu_600_introcharisb.mp4
EXPLANATION,0 - 7000,Tribhangi,exu_603_tribh.mp4
EXPLANATION,,Basic steps Overview,exu_600_introcharisb.mp4
EXPLANATION,0 - 7000,Tribhangi,exu_603_tribh.mp4
EXPLANATION,,Basic steps Overview,exu_600_introcharisb.mp4
EXPLANATION,0 - 7000,Tribhangi,exu_603_tribh.mp4
EXPLANATION,,Bhramari Overview,exu_800_01_introbhrasb.mp4
EXPLANATION,0 - 7000,Ardha,exu_801_ardha.mp4
EXPLANATION,,Bhramari Overview,exu_800_01_introbhrasb.mp4
EXPLANATION,0 - 7000,Veshtita,exu_802_vesh.mp4
EXPLANATION,,Bhramari Overview,exu_800_01_introbhrasb.mp4
EXPLANATION,0 - 7000,Ekapada,exu_803_ekchauk.mp4
EXPLANATION,,Bhramari Overview,exu_800_01_introbhrasb.mp4
EXPLANATION,0 - 7000,Ekapada,exu_803_ekchauk.mp4
EXPLANATION,,Bhramari Overview,exu_800_01_introbhrasb.mp4
EXPLANATION,0 - 7000,Chakra,exu_805_chakra.mp4
EXPLANATION,,Bhramari Overview,exu_800_01_introbhrasb.mp4
EXPLANATION,0 - 7000,Chakra,exu_805_chakra.mp4
EXPLANATION,,Bhramari Overview,exu_800_01_introbhrasb.mp4
EXPLANATION,0 - 7000,Chakra,exu_805_chakra.mp4
EXPLANATION,,Bhramari Overview,exu_800_01_introbhrasb.mp4
EXPLANATION,0 - 7000,Kunchita,exu_808_kunch.mp4
EXPLANATION,,Bhramari Overview,exu_800_01_introbhrasb.mp4
EXPLANATION,0 - 7000,Kunchita,exu_808_kunch.mp4
EXPLANATION,,Bhramari Overview,exu_800_01_introbhrasb.mp4
EXPLANATION,0 - 7000,Viparita,exu_810_vipchau.mp4
EXPLANATION,,Bhramari Overview,exu_800_01_introbhrasb.mp4
EXPLANATION,0 - 7000,Viparita,exu_810_vipchau.mp4
EXPLANATION,,Bhramari Overview,exu_800_01_introbhrasb.mp4
EXPLANATION,0 - 7000,Utpluta,exu_812_utpl.mp4
EXPLANATION,,Bhramari Overview,exu_800_01_introbhrasb.mp4
EXPLANATION,0 - 7000,Utpluta,exu_812_utpl.mp4
EXPLANATION,,Bhramari Overview,exu_800_01_introbhrasb.mp4
EXPLANATION,0 - 7000,Garuda,exu_814_garud.mp4
EXPLANATION,,Bhramari Overview,exu_800_01_introbhrasb.mp4
EXPLANATION,0 - 7000,Garuda,exu_814_garud.mp4
EXPLANATION,,Bhramari Overview,exu_800_01_introbhrasb.mp4
EXPLANATION,0 - 7000,Balaita,exu_816_balai.mp4
EXPLANATION,,Bhramari Overview,exu_800_01_introbhrasb.mp4
EXPLANATION,0 - 7000,Balaita,exu_816_balai.mp4
EXPLANATION,,Bhramari Overview,exu_800_01_introbhrasb.mp4
EXPLANATION,0 - 7000,Balaita,exu_816_balai.mp4
EXPLANATION,,Bhramari Overview,exu_800_01_introbhrasb.mp4
EXPLANATION,0 - 7000,Akash,exu_819_akash.mp4
EXPLANATION,,Bhramari Overview,exu_800_01_introbhrasb.mp4
EXPLANATION,0 - 7000,Prithvi,exu_820_prithvi.mp4
EXPLANATION,,Bhramari Overview,exu_800_01_introbhrasb.mp4
EXPLANATION,0 - 7000,Anga,exu_821_anga.mp4
EXPLANATION,,Bhramari Overview,exu_800_01_introbhrasb.mp4
EXPLANATION,0 - 7000,Bakshya,exu_822_baksha.mp4
EXPLANATION,,Gati Overview,exu_900_introgati.mp4
EXPLANATION,0 - 7000,Hamsi,exu_901_hams.mp4
EXPLANATION,,Gati Overview,exu_900_introgati.mp4
EXPLANATION,0 - 7000,Mayuri,exu_902_mayuri.mp4
EXPLANATION,,Gati Overview,exu_900_introgati.mp4
EXPLANATION,0 - 7000,Mrugi,exu_903_mrugi.mp4
EXPLANATION,,Gati Overview,exu_900_introgati.mp4
EXPLANATION,0 - 7000,Gajalila,exu_904_gaja.mp4
EXPLANATION,,Gati Overview,exu_900_introgati.mp4
EXPLANATION,0 - 7000,Turangini,exu_905_turan.mp4
EXPLANATION,,Gati Overview,exu_900_introgati.mp4
EXPLANATION,0 - 7000,Singhi/simhi,exu_906_simhi.mp4
EXPLANATION,,Gati Overview,exu_900_introgati.mp4
EXPLANATION,0 - 7000,Bhujangi,exu_907_bhuj.mp4
EXPLANATION,,Gati Overview,exu_900_introgati.mp4
EXPLANATION,0 - 7000,Manduki,exu_908_mand.mp4
EXPLANATION,,Gati Overview,exu_900_introgati.mp4
EXPLANATION,0 - 7000,Manavi,exu_910_mana.mp4
EXPLANATION,,Movement Transformation Overview,exu_1000_intromt.mp4
EXPLANATION,0 - 7000,Karma,exu_1001_kar.mp4
EXPLANATION,,Movement Transformation Overview,exu_1000_intromt.mp4
EXPLANATION,0 - 7000,Karma,exu_1001_kar.mp4
EXPLANATION,,Movement Transformation Overview,exu_1000_intromt.mp4
EXPLANATION,0 - 7000,Karma,exu_1001_kar.mp4
EXPLANATION,,Movement Transformation Overview,exu_1000_intromt.mp4
EXPLANATION,0 - 7000,Karma,exu_1001_kar.mp4
EXPLANATION,,Movement Transformation Overview,exu_1000_intromt.mp4
EXPLANATION,0 - 7000,Danda,exu_1002_dand.mp4
EXPLANATION,,Movement Transformation Overview,exu_1000_intromt.mp4
EXPLANATION,0 - 7000,Danda,exu_1002_dand.mp4
EXPLANATION,,Movement Transformation Overview,exu_1000_intromt.mp4
EXPLANATION,0 - 7000,Danda,exu_1002_dand.mp4
EXPLANATION,,Movement Transformation Overview,exu_1000_intromt.mp4
EXPLANATION,0 - 7000,Danda,exu_1002_dand.mp4
EXPLANATION,,Movement Transformation Overview,exu_1000_intromt.mp4
EXPLANATION,0 - 7000,Danda,exu_1002_dand.mp4
EXPLANATION,,Movement Transformation Overview,exu_1000_intromt.mp4
EXPLANATION,0 - 7000,Paika,exu_1003_paik.mp4
EXPLANATION,,Movement Transformation Overview,exu_1000_intromt.mp4
EXPLANATION,0 - 7000,Paika,exu_1003_paik.mp4
EXPLANATION,,Movement Transformation Overview,exu_1000_intromt.mp4
EXPLANATION,0 - 7000,Paika,exu_1003_paik.mp4
EXPLANATION,,Movement Transformation Overview,exu_1000_intromt.mp4
EXPLANATION,0 - 7000,Paika,exu_1003_paik.mp4
EXPLANATION,,Movement Transformation Overview,exu_1000_intromt.mp4
EXPLANATION,0 - 7000,Chhau,exu_1004_chhau.mp4
EXPLANATION,,Movement Transformation Overview,exu_1000_intromt.mp4
EXPLANATION,0 - 7000,Chhau,exu_1004_chhau.mp4
EXPLANATION,,Movement Transformation Overview,exu_1000_intromt.mp4
EXPLANATION,0 - 7000,Chhau,exu_1004_chhau.mp4
EXPLANATION,,Movement Transformation Overview,exu_1000_intromt.mp4
EXPLANATION,0 - 7000,Chhau,exu_1004_chhau.mp4
EXPLANATION,,Movement Transformation Overview,exu_1000_intromt.mp4
EXPLANATION,0 - 7000,Sambalpuri,exu_1005_sambal.mp4
EXPLANATION,,Movement Transformation Overview,exu_1000_intromt.mp4
EXPLANATION,0 - 7000,Sambalpuri,exu_1005_sambal.mp4
EXPLANATION,,Movement Transformation Overview,exu_1000_intromt.mp4
EXPLANATION,0 - 7000,Sambalpuri,exu_1005_sambal.mp4
EXPLANATION,,Movement Transformation Overview,exu_1000_intromt.mp4
EXPLANATION,0 - 7000,Mahari,exu_1006_mahari.mp4
EXPLANATION,,Movement Transformation Overview,exu_1000_intromt.mp4
EXPLANATION,0 - 7000,Mahari,exu_1006_mahari.mp4
EXPLANATION,,Movement Transformation Overview,exu_1000_intromt.mp4
EXPLANATION,0 - 7000,Gotipua,exu_1007_gotipua.mp4
EXPLANATION,,Movement Transformation Overview,exu_1000_intromt.mp4
EXPLANATION,0 - 7000,Gotipua,exu_1007_gotipua.mp4
EXPLANATION,,Chalo Chalo,exs_800_chalo.mp4
EXPLANATION,,Mahari,exu_1006_mahari.mp4
EXPLANATION,0 - 7000,Gotipua,exu_1007_gotipua.mp4
EXPLANATION,0 - 7000,Vilasini,exs_700_vilas.mp4
EXPLANATION,,Bhangi Overview,exu_001_introBhangi.mp4
EXPLANATION,,Sama Bhanga,exu_101_samabhanga.mp4
EXPLANATION,,Ardha Bhanga/Abhangi,exu_102_ardhabhanga.mp4
EXPLANATION,,Chauka,exu_103_chaukabhanga.mp4
EXPLANATION,,Tribhangi,exu_104_tribhangi.mp4
EXPLANATION,,Atibhanga,exu_105_atibhanga.mp4
EXPLANATION,,Shilpa Bhangima Overview,exu_200_intoshilpa.mp4
EXPLANATION,,Mardala,exu_201_marda.mp4
EXPLANATION,,Beena,exu_202_beena.mp4
EXPLANATION,,Manjeera,exu_203_manj.mp4
EXPLANATION,,Bansi,exu_204_bans.mp4
EXPLANATION,,Alasa,exu_205_alas.mp4
EXPLANATION,,Darpana,exu_206_darp.mp4
EXPLANATION,,Salbhanjika,exu_207_sala.mp4
EXPLANATION,,Abhiman,exu_208_abhi.mp4
EXPLANATION,,Rama,exu_209_rama.mp4
EXPLANATION,,Ravana,exu_210_rava.mp4
EXPLANATION,,Surya,exu_211_sury.mp4
EXPLANATION,,Vishnu,exu_212_vish.mp4
EXPLANATION,,Shiva,exu_213_shiv.mp4
EXPLANATION,,Durga,exu_214_durg.mp4
EXPLANATION,,Gati Overview,exu_900_introgati.mp4
EXPLANATION,,Hamsi,exu_901_hams.mp4
EXPLANATION,,Mayuri,exu_902_mayuri.mp4
EXPLANATION,,Mrugi,exu_903_mrugi.mp4
EXPLANATION,,Gajalila,exu_904_gaja.mp4
EXPLANATION,,Turangini,exu_905_turan.mp4
EXPLANATION,,Singhi/simhi,exu_906_simhi.mp4
EXPLANATION,,Bhujangi,exu_907_bhuj.mp4
EXPLANATION,,Manduki,exu_908_mand.mp4
EXPLANATION,,Manavi,exu_910_mana.mp4
EXPLANATION,,Bakshyachalana Overview,exu_500_introbaks.mp4
EXPLANATION,,Bamachala - Dakshyachala,exu_501_bamdaksh.mp4
EXPLANATION,,Agrachala - Prushthachala,exu_502_agraprush.mp4
EXPLANATION,,Prachala,exu_503_prachala.mp4
EXPLANATION,,Bhramari Overview,exu_800_01_introbhrasb.mp4
EXPLANATION,,Ardha,exu_801_ardha.mp4
EXPLANATION,,Veshtita,exu_802_vesh.mp4
EXPLANATION,,Ekapada,exu_803_ekchauk.mp4
EXPLANATION,,Chakra,exu_805_chakra.mp4
EXPLANATION,,Kunchita,exu_808_kunch.mp4
EXPLANATION,,Viparita,exu_810_vipchau.mp4
EXPLANATION,,Utpluta,exu_812_utpl.mp4
EXPLANATION,,Garuda,exu_814_garud.mp4
EXPLANATION,,Balaita,exu_816_balai.mp4
EXPLANATION,,Akash,exu_819_akash.mp4
EXPLANATION,,Prithvi,exu_820_prithvi.mp4
EXPLANATION,,Anga,exu_821_anga.mp4
EXPLANATION,,Bakshya,exu_822_baksha.mp4
UNIT ,0 - 31,Prusthadhanu,ut_313_prustha_f.mp4
UNIT ,72 - 78,Veshtita,ut_802_vesht_f.mp4
UNIT ,150 - 151,Chauka,ut_803_ekchauk_f.mp4
UNIT ,152 - 154,Chauka,ut_803_ekchauk_f.mp4
UNIT ,158 - 175,Kumbha,ut_307_kumbha_f.mp4
UNIT ,176 - 178,Sama,ut_303_samapada_f.mp4
UNIT ,199 - 7000,Sama,ut_303_samapada_f.mp4
UNIT ,9 - 10,Sama,ut_303_samapada_f.mp4
UNIT ,10 - 12,Chauka,ut_309_chaukapada_f.mp4
UNIT ,12 - 12,Kumbha,ut_307_kumbha_f.mp4
UNIT ,32 - 33,Sama,ut_303_samapada_f.mp4
UNIT ,33 - 34,Alidha,ut_327_alidh_f.mp4
UNIT ,40 - 41,Dhanu,ut_312_dhanu_f.mp4
UNIT ,42 - 43,Sama,ut_303_samapada_f.mp4
UNIT ,44 - 45,Pratyalidha,ut_328_pratya_f.mp4
UNIT ,47 - 49,Ullolita,ut_324_ullo_f.mp4
UNIT ,49 - 51,Ardha,ut_801_ardhabh_f.mp4
UNIT ,57 - 58,Pratyalidha,ut_328_pratya_f.mp4
UNIT ,70 - 71,Ullolita,ut_324_ullo_f.mp4
UNIT ,94 - 96,Kunchita,ut_315_kunchi_f.mp4
UNIT ,103 - 104,Chauka,ut_803_ekchauk_f.mp4
UNIT ,105 - 106,Ardha,ut_801_ardhabh_f.mp4
UNIT ,108 - 110,Akash,ut_819_kash_f.mp4
UNIT ,110 - 112,Pratyalidha,ut_328_pratya_f.mp4
UNIT ,113 - 115,Ullolita,ut_324_ullo_f.mp4
UNIT ,118 - 120,Kunchita,ut_315_kunchi_f.mp4
UNIT ,131 - 132,Ullolita,ut_324_ullo_f.mp4
UNIT ,135 - 136,Bandhani,ut_329_bandh_f.mp4
UNIT ,136 - 141,Ekapada,ut_330_ekapada_f.mp4
UNIT ,144 - 145,Ullolita,ut_324_ullo_f.mp4
UNIT ,217 - 218,Sama,ut_303_samapada_f.mp4
UNIT ,223 - 226,Prusthadhanu,ut_313_prustha_f.mp4
UNIT ,228 - 232,Sama,ut_303_samapada_f.mp4
UNIT ,233 - 237,Prusthadhanu,ut_313_prustha_f.mp4
UNIT ,0 - 8,Sama,ut_303_samapada_f.mp4
UNIT ,9 - 12,Rekha,ut_302_rekha_f.mp4
UNIT ,12 - 15,Sama,ut_303_samapada_f.mp4
UNIT ,18 - 20,Kunchita,ut_315_kunchi_f.mp4
UNIT ,22 - 24,Prusthadhanu,ut_313_prustha_f.mp4
UNIT ,26 - 28,Mandala,ut_310_mandala_f.mp4
UNIT ,28 - 31,Prusthadhanu,ut_313_prustha_f.mp4
UNIT ,36 - 40,Prusthadhanu,ut_313_prustha_f.mp4
UNIT ,42 - 43,Kunchita,ut_315_kunchi_f.mp4
UNIT ,45 - 47,Lolita pada,ut_322_lalita_f.mp4
UNIT ,50 - 55,Prusthadhanu,ut_313_prustha_f.mp4
UNIT ,56 - 61,Janghashrita,ut_331_jangh_f.mp4
UNIT ,64 - 68,Kunchita,ut_315_kunchi_f.mp4
UNIT ,108 - 110,Sama,ut_303_samapada_f.mp4
UNIT ,95 - 99,Bhujangi,ut_907_bhuj_f.mp4
UNIT ,114 - 121,Prusthadhanu,ut_313_prustha_f.mp4
UNIT ,124 - 130,Kunchita,ut_315_kunchi_f.mp4
UNIT ,131 - 136,Sama,ut_303_samapada_f.mp4
UNIT ,0 - 74,Sama,ut_303_samapada_f.mp4
UNIT ,211 - 217,Bamachala - Dakshyachala,ut_501_bamdaksh_f.mp4
UNIT ,217 - 219,Agrachala - Prushthachala,ut_502_agraprushth_f.mp4
UNIT ,219 - 226,Adi,ut_301_adi_f.mp4
UNIT ,226 - 234,Rekha,ut_302_rekha_f.mp4
UNIT ,234 - 237,Sama,ut_303_samapada_f.mp4
UNIT ,238 - 246,Viparitha/dwimukha,ut_304_viparit_f.mp4
UNIT ,335 - 336,Chauka,ut_309_chaukapada_f.mp4
UNIT ,459 - 461,Ardhaswastika,ut_305_arswastik_f.mp4
UNIT ,461 - 463,Swastika,ut_306_swastik_f.mp4
UNIT ,463 - 464,Kumbha,ut_307_kumbha_f.mp4
UNIT ,465 - 467,Ardha-chauka,ut_308_archauk_f.mp4
UNIT ,467 - 470,Chauka,ut_309_chaukapada_f.mp4
UNIT ,470 - 477,Mandala,ut_310_mandala_f.mp4
UNIT ,509 - 510,Chauka,ut_803_ekchauk_f.mp4
UNIT ,523 - 525,Mandala,ut_310_mandala_f.mp4
UNIT ,656 - 658,Trasya,ut_311_trasya_f.mp4
UNIT ,658 - 661,Dhanu,ut_312_dhanu_f.mp4
UNIT ,661 - 666,Prusthadhanu,ut_313_prustha_f.mp4
UNIT ,667 - 669,Suchi,ut_314_suchi_f.mp4
UNIT ,669 - 672,Kunchita,ut_315_kunchi_f.mp4
UNIT ,672 - 675,Anukunchita,ut_317_anukun_f.mp4
UNIT ,678 - 680,Gharshita,ut_318_ghars_f.mp4
UNIT ,680 - 683,Utparshani,ut_319_utpar_f.mp4
UNIT ,683 - 687,Vilagna Parshani,ut_316_vilag_f.mp4
UNIT ,0 - 16,Chauka,ut_309_chaukapada_f.mp4
UNIT ,17 - 18,Kunchita,ut_315_kunchi_f.mp4
UNIT ,20 - 21,Prusthadhanu,ut_313_prustha_f.mp4
UNIT ,29 - 183,Kunchita,ut_315_kunchi_f.mp4
UNIT ,31 - 31,Prusthadhanu,ut_313_prustha_f.mp4
UNIT ,92 - 93,Chauka,ut_803_ekchauk_f.mp4
UNIT ,94 - 95,Mardala,ut_201_mardala_f.mp4
UNIT ,98 - 99,Chauka,ut_803_ekchauk_f.mp4
UNIT ,100 - 105,Mardala,ut_201_mardala_f.mp4
UNIT ,105 - 106,Chauka,ut_309_chaukapada_f.mp4
UNIT ,110 - 112,Prusthadhanu,ut_808_kunprush_f.mp4
UNIT ,115 - 116,Lolita pada,ut_322_lalita_f.mp4
UNIT ,129 - 139,Chauka,ut_309_chaukapada_f.mp4
UNIT ,0 - 8,Sama,ut_303_samapada_f.mp4
UNIT ,9 - 11,Kumbha,ut_307_kumbha_f.mp4
UNIT ,13 - 27,Parshachira,ut_807_parshach_f.mp4
UNIT ,31 - 44,Parshachira,ut_807_parshach_f.mp4
UNIT ,50 - 52,Chauka,ut_309_chaukapada_f.mp4
UNIT ,59 - 60,Swastika,ut_306_swastik_f.mp4
UNIT ,65 - 66,Swastika,ut_306_swastik_f.mp4
UNIT ,70 - 77,Prusthadhanu,ut_808_kunprush_f.mp4
UNIT ,104 - 105,Chauka,ut_309_chaukapada_f.mp4
UNIT ,105 - 106,Chauka,ut_803_ekchauk_f.mp4
UNIT ,106 - 113,Chauka,ut_309_chaukapada_f.mp4
UNIT ,172 - 173,Swastika,ut_306_swastik_f.mp4
UNIT ,186 - 190,Janghashrita,ut_331_jangh_f.mp4
UNIT ,196 - 7000,Sama,ut_303_samapada_f.mp4
UNIT ,8 - 12,Mardala,ut_201_mardala_f.mp4
UNIT ,13 - 15,Manjeera,ut_203_manj_f.mp4
UNIT ,15 - 18,Mardala,ut_201_mardala_f.mp4
UNIT ,30 - 33,Ullolita,ut_324_ullo_f.mp4
UNIT ,58 - 59,Chauka,ut_805_chakrachauk_f.mp4
UNIT ,141 - 142,Meenapuccha,ut_321_meena_f.mp4
UNIT ,147 - 150,Swastika,ut_306_swastik_f.mp4
UNIT ,152 - 154,Swastika,ut_306_swastik_f.mp4
UNIT ,159 - 160,Ardha,ut_801_ardhabh_f.mp4
UNIT ,169 - 177,Ardha,ut_801_ardhabh_f.mp4
UNIT ,178 - 182,Ullolita,ut_324_ullo_f.mp4
UNIT ,208 - 227,Prusthadhanu,ut_808_kunprush_f.mp4
UNIT ,231 - 7000,Atibhanga,ut_105_atibhanga_f.mp4
UNIT ,0 - 5,Trasya,ut_311_trasya_f.mp4
UNIT ,19 - 22,Akash,ut_819_kash_f.mp4
UNIT ,54 - 55,Chauka,ut_803_ekchauk_f.mp4
UNIT ,59 - 61,Trasya,ut_311_trasya_f.mp4
UNIT ,85 - 89,Meenapuccha,ut_321_meena_f.mp4
UNIT ,91 - 92,Bandhani,ut_329_bandh_f.mp4
UNIT ,128 - 131,Prusthadhanu,ut_313_prustha_f.mp4
UNIT ,144 - 145,Chauka,ut_803_ekchauk_f.mp4
UNIT ,146 - 148,Chauka,ut_803_ekchauk_f.mp4
UNIT ,219 - 229,Prusthadhanu,ut_808_kunprush_f.mp4
UNIT ,255 - 7000,Kunchita,ut_315_kunchi_f.mp4
UNIT ,0 - 6,Utparshani,ut_319_utpar_f.mp4
UNIT ,86 - 86,Lolita pada,ut_322_lalita_f.mp4
UNIT ,104 - 115,Utparshani,ut_319_utpar_f.mp4
UNIT ,116 - 117,Prusthadhanu,ut_313_prustha_f.mp4
UNIT ,153 - 164,Utparshani,ut_319_utpar_f.mp4
UNIT ,145 - 146,Ardha,ut_801_ardhabh_f.mp4
UNIT ,193 - 194,Ardha,ut_801_ardhabh_f.mp4
UNIT ,285 - 296,Prusthadhanu,ut_808_kunprush_f.mp4
UNIT ,321 - 7000,Kunchita,ut_315_kunchi_f.mp4
UNIT ,168 - 171,Kumbha,ut_307_kumbha_f.mp4
UNIT ,172 - 179,Sama,ut_303_samapada_f.mp4
UNIT ,187 - 194,Vilagna Parshani,ut_316_vilag_f.mp4
UNIT ,198 - 204,Trasya,ut_311_trasya_f.mp4
UNIT ,207 - 210,Lolita pada,ut_322_lalita_f.mp4
UNIT ,215 - 220,Kunchita,ut_315_kunchi_f.mp4
UNIT ,226 - 227,Swastika,ut_306_swastik_f.mp4
UNIT ,236 - 237,Swastika,ut_306_swastik_f.mp4
UNIT ,247 - 251,Pratyalidha,ut_328_pratya_f.mp4
UNIT ,267 - 271,Akash,ut_819_kash_f.mp4
UNIT ,272 - 275,Prusthadhanu,ut_313_prustha_f.mp4
UNIT ,277 - 281,Chauka,ut_309_chaukapada_f.mp4
UNIT ,282 - 284,Sama,ut_303_samapada_f.mp4
UNIT ,285 - 288,Pratyalidha,ut_328_pratya_f.mp4
UNIT ,288 - 290,Chauka,ut_803_ekchauk_f.mp4
UNIT ,299 - 300,Dhanu,ut_312_dhanu_f.mp4
UNIT ,308 - 313,Mandala,ut_310_mandala_f.mp4
UNIT ,336 - 346,Sama,ut_303_samapada_f.mp4
UNIT ,348 - 350,Prusthadhanu,ut_313_prustha_f.mp4
UNIT ,402 - 405,Pratyalidha,ut_328_pratya_f.mp4
UNIT ,409 - 410,Chauka,ut_803_ekchauk_f.mp4
UNIT ,410 - 413,Pratyalidha,ut_328_pratya_f.mp4
UNIT ,413 - 415,Prusthadhanu,ut_313_prustha_f.mp4
UNIT ,417 - 418,Alidha,ut_327_alidh_f.mp4
UNIT ,421 - 424,Trasya,ut_809_kuntras_f.mp4
UNIT ,430 - 431,Pratyalidha,ut_328_pratya_f.mp4
UNIT ,439 - 441,Trasya,ut_809_kuntras_f.mp4
UNIT ,441 - 445,Pratyalidha,ut_328_pratya_f.mp4
UNIT ,448 - 455,Sama,ut_303_samapada_f.mp4
UNIT ,465 - 475,Sama,ut_303_samapada_f.mp4
UNIT ,476 - 478,Kunchita,ut_315_kunchi_f.mp4
UNIT ,479 - 488,Kunchita,ut_315_kunchi_f.mp4
UNIT ,496 - 501,Mandala,ut_310_mandala_f.mp4
UNIT ,527 - 531,Prusthadhanu,ut_313_prustha_f.mp4
UNIT ,533 - 539,Sama,ut_303_samapada_f.mp4
UNIT ,569 - 573,Mandala,ut_310_mandala_f.mp4
UNIT ,574 - 7000,Sama,ut_303_samapada_f.mp4
UNIT ,0 - 5,Sama,ut_303_samapada_f.mp4
UNIT ,17 - 18,Tribhangi,ut_811_viptri_f.mp4
UNIT ,24 - 25,Tribhangi,ut_811_viptri_f.mp4
UNIT ,54 - 55,Chauka,ut_803_ekchauk_f.mp4
UNIT ,57 - 58,Chauka,ut_803_ekchauk_f.mp4
UNIT ,60 - 61,Chauka,ut_803_ekchauk_f.mp4
UNIT ,63 - 64,Chauka,ut_803_ekchauk_f.mp4
UNIT ,88 - 90,Swastika,ut_306_swastik_f.mp4
UNIT ,92 - 93,Swastika,ut_306_swastik_f.mp4
UNIT ,95 - 96,Swastika,ut_306_swastik_f.mp4
UNIT ,97 - 98,Chauka,ut_803_ekchauk_f.mp4
UNIT ,103 - 105,Janu Ashrita,ut_325_januas_f.mp4
UNIT ,110 - 117,Dhanu,ut_312_dhanu_f.mp4
UNIT ,120 - 130,Sama,ut_303_samapada_f.mp4
UNIT ,135 - 146,Prusthadhanu,ut_313_prustha_f.mp4
UNIT ,150 - 170,Sama,ut_303_samapada_f.mp4
UNIT ,171 - 177,Veshtita,ut_802_vesht_f.mp4
UNIT ,178 - 180,Prusthadhanu,ut_313_prustha_f.mp4
UNIT ,4 - 6,Prusthadhanu,ut_313_prustha_f.mp4
UNIT ,29 - 7000,Bandhani,ut_329_bandh_f.mp4
UNIT ,5 - 6,Prusthadhanu,ut_313_prustha_f.mp4
UNIT ,7 - 14,Prushtadhanu,ut_808_kunprush_f.mp4
UNIT ,39 - 40,Chauka,ut_803_ekchauk_f.mp4
UNIT ,40 - 7000,Kunchita,ut_315_kunchi_f.mp4
UNIT ,0 - 7,Kunchita,ut_315_kunchi_f.mp4
UNIT ,38 - 40,Chauka,ut_309_chaukapada_f.mp4
UNIT ,46 - 7000,Ekapada,ut_330_ekapada_f.mp4
UNIT ,0 - 8,Trasya,ut_311_trasya_f.mp4
UNIT ,9 - 11,Prusthadhanu,ut_808_kunprush_f.mp4
UNIT ,26 - 28,Ardha,ut_801_ardhabh_f.mp4
UNIT ,31 - 33,Ardha,ut_801_ardhabh_f.mp4
UNIT ,49 - 51,Chauka,ut_309_chaukapada_f.mp4
UNIT ,62 - 63,Chauka,ut_803_ekchauk_f.mp4
UNIT ,64 - 66,Chauka,ut_803_ekchauk_f.mp4
UNIT ,66 - 7000,Chauka,ut_309_chaukapada_f.mp4
UNIT ,,Ardha Bhanga/ Abhangi,ut_101_sama_f.mp4
UNIT ,,Chauka,ut_102_ardha_f.mp4
UNIT ,,Tribhangi,ut_103_chauka_f.mp4
UNIT ,,,ut_104_tribhangi_f.mp4
UNIT ,0 - 7000,Sama Bhanga,ut_101_sama_f.mp4
UNIT ,0 - 7000,Ardha Bhanga/ Abhangi,ut_102_ardha_f.mp4
UNIT ,0 - 7000,Chauka,ut_103_chauka_f.mp4
UNIT ,0 - 7000,Tribhangi,ut_104_tribhangi_f.mp4
UNIT ,0 - 7000,Atibhanga,ut_105_atibhanga_f.mp4
UNIT ,,Mardala,ut_201_mardala_f.mp4
UNIT ,,Beena,ut_202_beena_f.mp4
UNIT ,,Manjeera,ut_203_manj_f.mp4
UNIT ,,Bansi,ut_204_bans_f.mp4
UNIT ,,Alasa,ut_205_alas_f.mp4
UNIT ,,Darpana,ut_206_darp_f.mp4
UNIT ,,Salbhanjika,ut_207_sal_f.mp4
UNIT ,,Abhiman,ut_208_abh_f.mp4
UNIT ,,Rama,ut_209_ram_f.mp4
UNIT ,,Ravana,ut_210_rav_f.mp4
UNIT ,,Surya,ut_211_sur_f.mp4
UNIT ,,Vishnu,ut_212_vish_f.mp4
UNIT ,,Shiva,ut_213_shiv_f.mp4
UNIT ,,Durga,ut_214_dur_f.mp4
UNIT ,0 - 7000,Mardala,ut_201_mardala_f.mp4
UNIT ,0 - 7000,Beena,ut_202_beena_f.mp4
UNIT ,0 - 7000,Manjeera,ut_203_manj_f.mp4
UNIT ,0 - 7000,Bansi,ut_204_bans_f.mp4
UNIT ,0 - 7000,Alasa,ut_205_alas_f.mp4
UNIT ,0 - 7000,Darpana,ut_206_darp_f.mp4
UNIT ,0 - 7000,Salbhanjika,ut_207_sal_f.mp4
UNIT ,0 - 7000,Abhiman,ut_208_abh_f.mp4
UNIT ,0 - 7000,Rama,ut_209_ram_f.mp4
UNIT ,0 - 7000,Ravana,ut_210_rav_f.mp4
UNIT ,0 - 7000,Surya,ut_211_sur_f.mp4
UNIT ,0 - 7000,Vishnu,ut_212_vish_f.mp4
UNIT ,0 - 7000,Shiva,ut_213_shiv_f.mp4
UNIT ,0 - 7000,Durga,ut_214_dur_f.mp4
UNIT ,,Adi,ut_301_adi_f.mp4
UNIT ,,Rekha,ut_302_rekha_f.mp4
UNIT ,,Sama,ut_303_samapada_f.mp4
UNIT ,,Viparitha/dwimukha,ut_304_viparit_f.mp4
UNIT ,,Ardha swastika,ut_305_arswastik_f.mp4
UNIT ,,Swastika,ut_306_swastik_f.mp4
UNIT ,,Kumbha,ut_307_kumbha_f.mp4
UNIT ,,Ardha-chauka,ut_308_archauk_f.mp4
UNIT ,,Chauka,ut_309_chaukapada_f.mp4
UNIT ,,Mandala,ut_310_mandala_f.mp4
UNIT ,,Trasya,ut_311_trasya_f.mp4
UNIT ,,Dhanu,ut_312_dhanu_f.mp4
UNIT ,,Prusthadhanu,ut_313_prustha_f.mp4
UNIT ,,Suchi,ut_314_suchi_f.mp4
UNIT ,,Kunchita,ut_315_kunchi_f.mp4
UNIT ,,Vilagna Parshani,ut_316_vilag_f.mp4
UNIT ,,Anukunchita,ut_317_anukun_f.mp4
UNIT ,,Gharshita,ut_318_ghars_f.mp4
UNIT ,,Utparshani,ut_319_utpar_f.mp4
UNIT ,,Ashrita,ut_320_ashri_f.mp4
UNIT ,,Meenapuccha,ut_321_meena_f.mp4
UNIT ,,Lolita,ut_322_lalita_f.mp4
UNIT ,,Uttolita,ut_323_utta_f.mp4
UNIT ,,Ullolita,ut_324_ullo_f.mp4
UNIT ,,Janu Ashrita,ut_325_januas_f.mp4
UNIT ,,Nupura,ut_326_nupura_f.mp4
UNIT ,,Alidha,ut_327_alidh_f.mp4
UNIT ,,Pratyalidha,ut_328_pratya_f.mp4
UNIT ,,Bandhani,ut_329_bandh_f.mp4
UNIT ,,Ekapada,ut_330_ekapada_f.mp4
UNIT ,,Janghashrita,ut_331_jangh_f.mp4
UNIT ,,Mahapada,ut_332_mahap_f.mp4
UNIT ,,Prushta Mahapada,ut_333_prushtham_f.mp4
UNIT ,,Adi,ut_301_adi_f.mp4
UNIT ,,Rekha,ut_302_rekha_f.mp4
UNIT ,,Sama,ut_303_samapada_f.mp4
UNIT ,,Viparitha/dwimukha,ut_304_viparit_f.mp4
UNIT ,0 - 7000,Adi,ut_301_adi_f.mp4
UNIT ,0 - 7000,Rekha,ut_302_rekha_f.mp4
UNIT ,0 - 7000,Sama,ut_303_samapada_f.mp4
UNIT ,0 - 7000,Viparitha/dwimukha,ut_304_viparit_f.mp4
UNIT ,,Ardha swastika,ut_305_arswastik_f.mp4
UNIT ,,Swastika,ut_306_swastik_f.mp4
UNIT ,,Kumbha,ut_307_kumbha_f.mp4
UNIT ,,Ardha-chauka,ut_308_archauk_f.mp4
UNIT ,,Chauka,ut_309_chaukapada_f.mp4
UNIT ,,Mandala,ut_310_mandala_f.mp4
UNIT ,0 - 7000,Ardha swastika,ut_305_arswastik_f.mp4
UNIT ,0 - 7000,Swastika,ut_306_swastik_f.mp4
UNIT ,0 - 7000,Kumbha,ut_307_kumbha_f.mp4
UNIT ,0 - 7000,Ardha-chauka,ut_308_archauk_f.mp4
UNIT ,0 - 7000,Chauka,ut_309_chaukapada_f.mp4
UNIT ,0 - 7000,Mandala,ut_310_mandala_f.mp4
UNIT ,,Trasya,ut_311_trasya_f.mp4
UNIT ,,Dhanu,ut_312_dhanu_f.mp4
UNIT ,,Prusthadhanu,ut_313_prustha_f.mp4
UNIT ,,Suchi,ut_314_suchi_f.mp4
UNIT ,,Kunchita,ut_315_kunchi_f.mp4
UNIT ,,Vilagna Parshani,ut_316_vilag_f.mp4
UNIT ,0 - 7000,Trasya,ut_311_trasya_f.mp4
UNIT ,0 - 7000,Dhanu,ut_312_dhanu_f.mp4
UNIT ,0 - 7000,Prustha dhanu,ut_313_prustha_f.mp4
UNIT ,0 - 7000,Suchi,ut_314_suchi_f.mp4
UNIT ,0 - 7000,Kunchita,ut_315_kunchi_f.mp4
UNIT ,0 - 7000,Vilagna Parshani,ut_316_vilag_f.mp4
UNIT ,,Anukunchita,ut_317_anukun_f.mp4
UNIT ,,Gharshita,ut_318_ghars_f.mp4
UNIT ,,Utparshani,ut_319_utpar_f.mp4
UNIT ,0 - 7000,Anukunchita,ut_317_anukun_f.mp4
UNIT ,0 - 7000,Gharshita,ut_318_ghars_f.mp4
UNIT ,0 - 7000,Utparshani,ut_319_utpar_f.mp4
UNIT ,,Ashrita,ut_320_ashri_f.mp4
UNIT ,,Meenapuccha,ut_321_meena_f.mp4
UNIT ,,Lolita,ut_322_lalita_f.mp4
UNIT ,,Uttolita,ut_323_utta_f.mp4
UNIT ,,Ullolita,ut_324_ullo_f.mp4
UNIT ,,Janu Ashrita,ut_325_januas_f.mp4
UNIT ,,Nupura,ut_326_nupura_f.mp4
UNIT ,,Alidha,ut_327_alidh_f.mp4
UNIT ,,Pratyalidha,ut_328_pratya_f.mp4
UNIT ,,Bandhani,ut_329_bandh_f.mp4
UNIT ,,Ekapada,ut_330_ekapada_f.mp4
UNIT ,,Janghashrita,ut_331_jangh_f.mp4
UNIT ,,Mahapada,ut_332_mahap_f.mp4
UNIT ,,Prushta Mahapada,ut_333_prushtham_f.mp4
UNIT ,0 - 7000,Ashrita,ut_320_ashri_f.mp4
UNIT ,0 - 7000,Meenapuccha,ut_321_meena_f.mp4
UNIT ,0 - 7000,Lolita,ut_322_lalita_f.mp4
UNIT ,0 - 7000,Uttolita,ut_323_utta_f.mp4
UNIT ,0 - 7000,Ullolita,ut_324_ullo_f.mp4
UNIT ,0 - 7000,Janu Ashrita,ut_325_januas_f.mp4
UNIT ,0 - 7000,Nupura,ut_326_nupura_f.mp4
UNIT ,0 - 7000,Alidha,ut_327_alidh_f.mp4
UNIT ,0 - 7000,Pratyalidha,ut_328_pratya_f.mp4
UNIT ,0 - 7000,Bandhani,ut_329_bandh_f.mp4
UNIT ,0 - 7000,Ekapada,ut_330_ekapada_f.mp4
UNIT ,0 - 7000,Janghashrita,ut_331_jangh_f.mp4
UNIT ,0 - 7000,MahaPada,ut_332_mahap_f.mp4
UNIT ,0 - 7000,Prushta Mahapada,ut_333_prushtham_f.mp4
UNIT ,,Bamachala - Dakshyachala,ut_501_bamdaksh_f.mp4
UNIT ,,Agrachala - Prushthachala,ut_502_agraprushth_f.mp4
UNIT ,,Prachala,ut_503_prachala_f.mp4
UNIT ,0 - 7000,Bamachala - Dakshyachala,ut_501_bamdaksh_f.mp4
UNIT ,0 - 7000,Agrachala - Prushthachala,ut_502_agraprushth_f.mp4
UNIT ,0 - 7000,Prachala,ut_503_prachala_f.mp4
UNIT ,,1,ut_601_sam1_f.mp4
UNIT ,,2,ut_602_sam2_f.mp4
UNIT ,,3,ut_603_sam3_f.mp4
UNIT ,,4,ut_604_sam4_f.mp4
UNIT ,,5,ut_605_sam5_f.mp4
UNIT ,,6,ut_606_sam6_f.mp4
UNIT ,,7,ut_607_sam7_f.mp4
UNIT ,,8,ut_608_sam8_f.mp4
UNIT ,,9,ut_609_sam9_f.mp4
UNIT ,,10,ut_610_sam10_f.mp4
UNIT ,,1,ut_611_chauk1_f.mp4
UNIT ,,2,ut_612_chauk2_f.mp4
UNIT ,,3,ut_613_chauk3_f.mp4
UNIT ,,4,ut_614_chauk4_f.mp4
UNIT ,,5,ut_615_chauk5_f.mp4
UNIT ,,6,ut_616_chauk6_f.mp4
UNIT ,,7,ut_617_chauk7_f.mp4
UNIT ,,8,ut_618_chauk8_f.mp4
UNIT ,,9,ut_619_chauk9_f.mp4
UNIT ,,10,ut_620_chauk10_f.mp4
UNIT ,,1,ut_621_tri1_f.mp4
UNIT ,,2,ut_622_tri2_f.mp4
UNIT ,,3,ut_623_tri3_f.mp4
UNIT ,,4,ut_624_tri4_f.mp4
UNIT ,,5,ut_625_tri5_f.mp4
UNIT ,,6,ut_626_tri16_f.mp4
UNIT ,,7,ut_627_tri7_f.mp4
UNIT ,,8,ut_628_tri8_f.mp4
UNIT ,,9,ut_629_tri9_f.mp4
UNIT ,,10,ut_630_tri10_f.mp4
UNIT ,,1,ut_601_sam1_f.mp4
UNIT ,,2,ut_602_sam2_f.mp4
UNIT ,,3,ut_603_sam3_f.mp4
UNIT ,,4,ut_604_sam4_f.mp4
UNIT ,,5,ut_605_sam5_f.mp4
UNIT ,,6,ut_606_sam6_f.mp4
UNIT ,,7,ut_607_sam7_f.mp4
UNIT ,,8,ut_608_sam8_f.mp4
UNIT ,,9,ut_609_sam9_f.mp4
UNIT ,,10,ut_610_sam10_f.mp4
UNIT ,,1,ut_611_chauk1_f.mp4
UNIT ,,2,ut_612_chauk2_f.mp4
UNIT ,,3,ut_613_chauk3_f.mp4
UNIT ,,4,ut_614_chauk4_f.mp4
UNIT ,,5,ut_615_chauk5_f.mp4
UNIT ,,6,ut_616_chauk6_f.mp4
UNIT ,,7,ut_617_chauk7_f.mp4
UNIT ,,8,ut_618_chauk8_f.mp4
UNIT ,,9,ut_619_chauk9_f.mp4
UNIT ,,10,ut_620_chauk10_f.mp4
UNIT ,,1,ut_621_tri1_f.mp4
UNIT ,,2,ut_622_tri2_f.mp4
UNIT ,,3,ut_623_tri3_f.mp4
UNIT ,,4,ut_624_tri4_f.mp4
UNIT ,,5,ut_625_tri5_f.mp4
UNIT ,,6,ut_626_tri16_f.mp4
UNIT ,,7,ut_627_tri7_f.mp4
UNIT ,,8,ut_628_tri8_f.mp4
UNIT ,,9,ut_629_tri9_f.mp4
UNIT ,,10,ut_630_tri10_f.mp4
UNIT ,,Ardha,ut_801_ardhabh_f.mp4
UNIT ,,Veshtita,ut_802_vesht_f.mp4
UNIT ,,Chauka,ut_803_ekchauk_f.mp4
UNIT ,,Ullolita,ut_804_ull_f.mp4
UNIT ,,Chauka,ut_805_chakrachauk_f.mp4
UNIT ,,Uthparshini,ut_806_chakraut_f.mp4
UNIT ,,Parshachira,ut_807_parshach_f.mp4
UNIT ,,Prushtadhanu,ut_808_kunprush_f.mp4
UNIT ,,Trasya,ut_809_kuntras_f.mp4
UNIT ,,Chauka,ut_810_vipchauk_f.mp4
UNIT ,,Tribhangi,ut_811_viptri_f.mp4
UNIT ,,Chauka,ut_812_utpchauk_f.mp4
UNIT ,,Purna,ut_813_utpur_f.mp4
UNIT ,,Thiya,ut_814_garudthi_f.mp4
UNIT ,,Bosa,ut_815_garudbos_f.mp4
UNIT ,,Chhanda,ut_816_balachh_f.mp4
UNIT ,,Viparita,ut_817_balavip_f.mp4
UNIT ,,Chhapka,ut_818_balachap_f.mp4
UNIT ,,Akash,ut_819_kash_f.mp4
UNIT ,,Prithvi,ut_820_prith_f.mp4
UNIT ,,Anga,ut_821_anga_f.mp4
UNIT ,,Bakshya,ut_822_baksha_f.mp4
UNIT ,0 - 7000,Ardha,ut_801_ardhabh_f.mp4
UNIT ,0 - 7000,Veshtita,ut_802_vesht_f.mp4
UNIT ,0 - 7000,Chauka,ut_803_ekchauk_f.mp4
UNIT ,0 - 7000,Chauka,ut_805_chakrachauk_f.mp4
UNIT ,0 - 7000,Prushtadhanu,ut_808_kunprush_f.mp4
UNIT ,0 - 7000,Chauka,ut_810_vipchauk_f.mp4
UNIT ,0 - 7000,Chauka,ut_812_utpchauk_f.mp4
UNIT ,0 - 7000,Thiya,ut_814_garudthi_f.mp4
UNIT ,0 - 7000,Chhanda,ut_816_balachh_f.mp4
UNIT ,0 - 7000,Akash,ut_819_kash_f.mp4
UNIT ,0 - 7000,Prithvi,ut_820_prith_f.mp4
UNIT ,0 - 7000,Anga,ut_821_anga_f.mp4
UNIT ,0 - 7000,Bakshya,ut_822_baksha_f.mp4
UNIT ,,Hamsi,ut_901_hams_f.mp4
UNIT ,,Mayuri,ut_902_mayu_f.mp4
UNIT ,,Mrugi,ut_903_mru_f.mp4
UNIT ,,Gajalila,ut_904_gaja_f.mp4
UNIT ,,Turangini,ut_905_turan_f.mp4
UNIT ,,Singhi/simhi,ut_906_simhi_f.mp4
UNIT ,,Bhujangi,ut_907_bhuj_f.mp4
UNIT ,,Manduki,ut_908_mand_f.mp4
UNIT ,,Manavi,ut_910_manav_f.mp4
UNIT ,0 - 7000,Hamsi,ut_901_hams_f.mp4
UNIT ,0 - 7000,Mayuri,ut_902_mayu_f.mp4
UNIT ,0 - 7000,Mrugi,ut_903_mru_f.mp4
UNIT ,0 - 7000,Gajalila,ut_904_gaja_f.mp4
UNIT ,0 - 7000,Turangini,ut_905_turan_f.mp4
UNIT ,0 - 7000,Singhi/simhi,ut_906_simhi_f.mp4
UNIT ,0 - 7000,Bhujangi,ut_907_bhuj_f.mp4
UNIT ,0 - 7000,Manduki,ut_908_mand_f.mp4
UNIT ,0 - 7000,Manavi,ut_910_manav_f.mp4
UNIT ,,Original 1,ut_1001_01_karor_f.mp4
UNIT ,,Transformed 1,ut_1002_01_kartrans_f.mp4
UNIT ,,Original 2,ut_1001_02_karor_f.mp4
UNIT ,,Transformed 2,ut_1002_02_kartrans_f.mp4
UNIT ,,Original 1,ut_1003_01_danor_f.mp4
UNIT ,,Transformed 1,ut_1004_01_dantrans_f.mp4
UNIT ,,Original 2,ut_1003_02_danor_f.mp4
UNIT ,,Transformed 2A,ut_1004_02_dantrans1_f.mp4
UNIT ,,Transformed 2B,ut_1004_02_dantrans2_f.mp4
UNIT ,,Original 1,ut_1005_01_paikor_f.mp4
UNIT ,,Transformed 2,ut_1006_01_paiktrans_f.mp4
UNIT ,,Original 2,ut_1005_02_paikor_f.mp4
UNIT ,,Transformed 2,ut_1006_02_paiktrans_f.mp4
UNIT ,,Original 1,ut_1007_01_chhauor_f.mp4
UNIT ,,Transformed 1,ut_1008_01_chhtrans_f.mp4
UNIT ,,Original 2,ut_1007_02_chhauor_f.mp4
UNIT ,,Transformed 2,ut_1008_02_chhtrans_f.mp4
UNIT ,,Original & Transformed 1,ut_1009_sambor_f.mp4
UNIT ,,Original & Transformed 2,ut_1010_sambor_f.mp4
UNIT ,,Original & Transformed 3,ut_1011_sambor_f.mp4
UNIT ,,Original,ut_1012_mahaor_f.mp4
UNIT ,,Transformed,ut_1013_mahatrans_f.mp4
UNIT ,,Original,ut_1014_gotior_f.mp4
UNIT ,,Transformed,ut_1015_gotitrans_f.mp4
UNIT ,,Original 1,ut_1001_01_karor_f.mp4
UNIT ,,Transformed 1,ut_1002_01_kartrans_f.mp4
UNIT ,,Original 2,ut_1001_02_karor_f.mp4
UNIT ,,Transformed 2,ut_1002_02_kartrans_f.mp4
UNIT ,,Original 1,ut_1003_01_danor_f.mp4
UNIT ,,Transformed 1,ut_1004_01_dantrans_f.mp4
UNIT ,,Original 2,ut_1003_02_danor_f.mp4
UNIT ,,Transformed 2A,ut_1004_02_dantrans1_f.mp4
UNIT ,,Transformed 2B,ut_1004_02_dantrans2_f.mp4
UNIT ,,Original 1,ut_1005_01_paikor_f.mp4
UNIT ,,Transformed 2,ut_1006_01_paiktrans_f.mp4
UNIT ,,Original 2,ut_1005_02_paikor_f.mp4
UNIT ,,Transformed 2,ut_1006_02_paiktrans_f.mp4
UNIT ,,Original 1,ut_1007_01_chhauor_f.mp4
UNIT ,,Transformed 1,ut_1008_01_chhtrans_f.mp4
UNIT ,,Original 2,ut_1007_02_chhauor_f.mp4
UNIT ,,Transformed 2,ut_1008_02_chhtrans_f.mp4
UNIT ,,Original & Transformed 1,ut_1009_sambor_f.mp4
UNIT ,,Original & Transformed 2,ut_1010_sambor_f.mp4
UNIT ,,Original & Transformed 3,ut_1011_sambor_f.mp4
UNIT ,,Original,ut_1012_mahaor_f.mp4
UNIT ,,Transformed,ut_1013_mahatrans_f.mp4
UNIT ,,Original,ut_1014_gotior_f.mp4
UNIT ,,Transformed,ut_1015_gotitrans_f.mp4
SEQUENCE,,Bhoomipranam,sq_001_bhoomi_f.mp4
SEQUENCE,,Durga Stuti,sq_101_mangalacharan1_f.mp4
SEQUENCE,,Ganesh Bandana,sq_102_mangalacharan2_f.mp4
SEQUENCE,,Sabhapranam,sq_103_mangalacharan3_f.mp4
SEQUENCE,0 - 7000,Bhoomipranam,sq_001_bhoomi_f.mp4
SEQUENCE,0 - 7000,Durga Stuti,sq_101_mangalacharan1_f.mp4
SEQUENCE,0 - 7000,Ganesh Bandana,sq_102_mangalacharan2_f.mp4
SEQUENCE,0 - 7000,Sabhapranam,sq_103_mangalacharan3_f.mp4
SEQUENCE,,Sthiti,sq_201_sthiti_f.mp4
SEQUENCE,,Sthayi - Pankaj Charan Das,sq_202_GPDsthayi_f.mp4
SEQUENCE,,Battu - Kelucharan Mahapatra,sq_203_battu_f.mp4
SEQUENCE,,Konark Kanti,sq_204_konark_f.mp4
SEQUENCE,0 - 7000,Sthiti,sq_201_sthiti_f.mp4
SEQUENCE,0 - 7000,Sthayi - Pankaj Charan Das,sq_202_GPDsthayi_f.mp4
SEQUENCE,0 - 7000,Battu - Kelucharan Mahapatra,sq_203_battu_f.mp4
SEQUENCE,0 - 7000,Konark kanti,sq_204_konark_f.mp4
SEQUENCE,,Raga Rageshri,sq_301_pallavi_f.mp4
SEQUENCE,,Raga Hamsadhwani,sq_302_pallavi2_f.mp4
SEQUENCE,0 - 7000,Raga Rageshri,sq_301_pallavi_f.mp4
SEQUENCE,0 - 7000,Raga Hamsadhwani,sq_302_pallavi2_f.mp4
SEQUENCE,,Sakhi Hey,sq_401_abhinaya1_f.mp4
SEQUENCE,,Pratinayaka,sq_402_abhinaya2_f.mp4
SEQUENCE,0 - 7000,Sakhi Hey,sq_401_abhinaya1_f.mp4
SEQUENCE,0 - 7000,Pratinayaka,sq_402_abhinaya2_f.mp4
SEQUENCE,0 - 7000,Moksha,sq_501_moksha_f.mp4
SEQUENCE,0 - 7000,Moksha,sq_501_moksha_f.mp4
SEQUENCE,,1,sq_601_pc1_f.mp4
SEQUENCE,,2,sq_602_pc2_f.mp4
SEQUENCE,,3,sq_603_pc3_f.mp4
SEQUENCE,,4,sq_604_pc4_f.mp4
SEQUENCE,0 - 7000,1,sq_601_pc1_f.mp4
SEQUENCE,0 - 7000,2,sq_602_pc2_f.mp4
SEQUENCE,0 - 7000,3,sq_603_pc3_f.mp4
SEQUENCE,0 - 7000,4,sq_604_pc4_f.mp4
SEQUENCE,0 - 7000,Vilasini Solo,sq_501_vilasini_f.mp4
SEQUENCE,0 - 7000,Chalo Chalo Solo,sq_502_chalo_f.mp4
SEQUENCE,0 - 7000,Gatibilas (Simha),sq_503_gatibilasl_f.mp4
SEQUENCE,0 - 7000,Gatibilas (Hamsa),sq_504_gatibilash_f.mp4
SEQUENCE,0 - 7000,Debi Bharani,sq_505_debi_f.mp4
SEQUENCE,0 - 7000,Kundalika,sq_506_kundalika_f.mp4
SEQUENCE,0 - 7000,Abahani,sq_507_abahani_f.mp4
SEQUENCE,0 - 7000,Dasavatara,sq_508_dasa_f.mp4
SEQUENCE,0 - 7000,Abartan Bibartan,sq_509_ABBB_f.mp4
SEQUENCE,0 - 7000,Murchhana,sq_510_murch_f.mp4
SEQUENCE,0 - 7000,Shiv Parvathi Sabda,sq_511_sabda_f.mp4
SEQUENCE,0 - 7000,Sthayi & Sanchari Bhava,sq_512_sthsan_f.mp4
SEQUENCE,0 - 7000,Chalo Chalo,sq_502_chalo_f.mp4
SEQUENCE,0 - 7000,Vilasini,sq_501_vilasini_f.mp4
SEQUENCE,,Sakhi Hey,sq_401_abhinaya1_f.mp4
SEQUENCE,,Pratinayaka,sq_402_abhinaya2_f.mp4
SEQUENCE,,Sthayi & Sanchari Bhava,sq_512_sthsan_f.mp4
CONTEXT,0 - 7000,Iconography,ct_308_iconography_ex.mp4
CONTEXT,0 - 7000,Iconography,ct_308_iconography_ex.mp4
CONTEXT,0 - 7000,Iconography,ct_308_iconography_ex.mp4
CONTEXT,0 - 7000,Iconography,ct_308_iconography_ex.mp4
CONTEXT,0 - 7000,Iconography,ct_308_iconography_ex.mp4
CONTEXT,0 - 7000,Iconography,ct_308_iconography_ex.mp4
CONTEXT,0 - 7000,Introduction,ct_704_mardala.mp4
CONTEXT,,Current practices,ct_705_mardcurr.mp4
CONTEXT,,Dhaneshwar Swain,ct_705_dhanswa.mp4
CONTEXT,0 - 7000,Iconography,ct_308_iconography_ex.mp4
CONTEXT,0 - 7000,Iconography,ct_308_iconography_ex.mp4
CONTEXT,0 - 7000,Iconography,ct_308_iconography_ex.mp4
CONTEXT,0 - 7000,Iconography,ct_308_iconography_ex.mp4
CONTEXT,0 - 7000,Iconography,ct_308_iconography_ex.mp4
CONTEXT,0 - 7000,Iconography,ct_308_iconography_ex.mp4
CONTEXT,0 - 7000,Iconography,ct_308_iconography_ex.mp4
CONTEXT,0 - 7000,Iconography,ct_308_iconography_ex.mp4
CONTEXT,0 - 7000,Iconography,ct_308_iconography_ex.mp4
CONTEXT,0 - 7000,Iconography,ct_308_iconography_ex.mp4
CONTEXT,0 - 7000,Iconography,ct_308_iconography_ex.mp4
CONTEXT,0 - 7000,Iconography,ct_308_iconography_ex.mp4
CONTEXT,0 - 7000,Iconography,ct_308_iconography_ex.mp4
CONTEXT,0 - 7000,Circularity,ct_401_circula_ex.mp4
CONTEXT,0 - 7000,Circularity,ct_401_circula_ex.mp4
CONTEXT,0 - 7000,Circularity,ct_401_circula_ex.mp4
CONTEXT,0 - 7000,Circularity,ct_401_circula_ex.mp4
CONTEXT,0 - 7000,Circularity,ct_401_circula_ex.mp4
CONTEXT,0 - 7000,Circularity,ct_401_circula_ex.mp4
CONTEXT,0 - 7000,Circularity,ct_401_circula_ex.mp4
CONTEXT,0 - 7000,Circularity,ct_401_circula_ex.mp4
CONTEXT,0 - 7000,Circularity,ct_401_circula_ex.mp4
CONTEXT,0 - 7000,Circularity,ct_401_circula_ex.mp4
CONTEXT,0 - 7000,Circularity,ct_401_circula_ex.mp4
CONTEXT,0 - 7000,Circularity,ct_401_circula_ex.mp4
CONTEXT,0 - 7000,Circularity,ct_401_circula_ex.mp4
CONTEXT,0 - 7000,Circularity,ct_401_circula_ex.mp4
CONTEXT,0 - 7000,Circularity,ct_401_circula_ex.mp4
CONTEXT,0 - 7000,Circularity,ct_401_circula_ex.mp4
CONTEXT,0 - 7000,Circularity,ct_401_circula_ex.mp4
CONTEXT,0 - 7000,Circularity,ct_401_circula_ex.mp4
CONTEXT,0 - 7000,Circularity,ct_401_circula_ex.mp4
CONTEXT,0 - 7000,Circularity,ct_401_circula_ex.mp4
CONTEXT,0 - 7000,Circularity,ct_401_circula_ex.mp4
CONTEXT,0 - 7000,Circularity,ct_401_circula_ex.mp4
CONTEXT,0 - 7000,Circularity,ct_401_circula_ex.mp4
CONTEXT,0 - 7000,Circularity,ct_401_circula_ex.mp4
CONTEXT,0 - 7000,Circularity,ct_401_circula_ex.mp4
CONTEXT,0 - 7000,Realms of embodiment,ct_310_embodiment_ex.mp4
CONTEXT,0 - 7000,Realms of embodiment,ct_310_embodiment_ex.mp4
CONTEXT,0 - 7000,Realms of embodiment,ct_310_embodiment_ex.mp4
CONTEXT,0 - 7000,Realms of embodiment,ct_310_embodiment_ex.mp4
CONTEXT,0 - 7000,Realms of embodiment,ct_310_embodiment_ex.mp4
CONTEXT,0 - 7000,Realms of embodiment,ct_310_embodiment_ex.mp4
CONTEXT,0 - 7000,Realms of embodiment,ct_310_embodiment_ex.mp4
CONTEXT,0 - 7000,Realms of embodiment,ct_310_embodiment_ex.mp4
CONTEXT,0 - 7000,Realms of embodiment,ct_310_embodiment_ex.mp4
CONTEXT,0 - 7000,Mahari,ct_104_mahari.mp4
CONTEXT,0 - 7000,Mahari,ct_104_mahari.mp4
CONTEXT,0 - 7000,Gotipua,ct_105_gotipua.mp4
CONTEXT,0 - 7000,Gotipua,ct_105_gotipua.mp4
CONTEXT,0 - 7000,Art of Communication,ct_1800_abhi_ex.mp4
CONTEXT,0 - 7000,Art of Communication,ct_1800_abhi_ex.mp4
CONTEXT,0 - 7000,Art of Communication,ct_1800_abhi_ex.mp4
CONTEXT,0 - 7000,Costume & Ornament,ct_307_costu_ex.mp4
CONTEXT,0 - 7000,Mahari,ct_103_mahari.mp4
CONTEXT,0 - 7000,Circularity,ct_401_circula_ex.mp4
CONTEXT,0 - 7000,Odissi Mrudanga,ct_703_percussion.mp4
CONTEXT,0 - 7000,Sthayi & Sanchari Bhava,ct_1806_bhav_ex.mp4
CONTEXT,0 - 7000,Iconography,ct_308_iconography_ex.mp4
CONTEXT,0 - 7000,Iconography,ct_308_iconography_ex.mp4
CONTEXT,0 - 7000,Iconography,ct_308_iconography_ex.mp4
CONTEXT,0 - 7000,Iconography,ct_308_iconography_ex.mp4
CONTEXT,0 - 7000,Iconography,ct_308_iconography_ex.mp4
CONTEXT,0 - 7000,Iconography,ct_308_iconography_ex.mp4
CONTEXT,0 - 7000,Iconography,ct_308_iconography_ex.mp4
CONTEXT,0 - 7000,Iconography,ct_308_iconography_ex.mp4
CONTEXT,0 - 7000,Iconography,ct_308_iconography_ex.mp4
CONTEXT,0 - 7000,Iconography,ct_308_iconography_ex.mp4
CONTEXT,0 - 7000,Iconography,ct_308_iconography_ex.mp4
CONTEXT,0 - 7000,Iconography,ct_308_iconography_ex.mp4
CONTEXT,0 - 7000,Iconography,ct_308_iconography_ex.mp4
CONTEXT,0 - 7000,Iconography,ct_308_iconography_ex.mp4
CONTEXT,0 - 7000,Iconography,ct_308_iconography_ex.mp4
CONTEXT,0 - 7000,Iconography,ct_308_iconography_ex.mp4
CONTEXT,0 - 7000,Iconography,ct_308_iconography_ex.mp4
CONTEXT,0 - 7000,Iconography,ct_308_iconography_ex.mp4
CONTEXT,0 - 7000,Iconography,ct_308_iconography_ex.mp4
CONTEXT,0 - 7000,Iconography,ct_308_iconography_ex.mp4
CONTEXT,0 - 7000,Iconography,ct_308_iconography_ex.mp4
CONTEXT,0 - 7000,Circularity,ct_401_circula_ex.mp4
CONTEXT,0 - 7000,Circularity,ct_401_circula_ex.mp4
CONTEXT,0 - 7000,Circularity,ct_401_circula_ex.mp4
CONTEXT,0 - 7000,Circularity,ct_401_circula_ex.mp4
CONTEXT,0 - 7000,Circularity,ct_401_circula_ex.mp4
CONTEXT,0 - 7000,Circularity,ct_401_circula_ex.mp4
CONTEXT,0 - 7000,Circularity,ct_401_circula_ex.mp4
CONTEXT,0 - 7000,Circularity,ct_401_circula_ex.mp4
CONTEXT,0 - 7000,Circularity,ct_401_circula_ex.mp4
CONTEXT,0 - 7000,Circularity,ct_401_circula_ex.mp4
CONTEXT,0 - 7000,Circularity,ct_401_circula_ex.mp4
CONTEXT,0 - 7000,Circularity,ct_401_circula_ex.mp4
CONTEXT,0 - 7000,Circularity,ct_401_circula_ex.mp4
CONTEXT,0 - 7000,Circularity,ct_401_circula_ex.mp4
CONTEXT,0 - 7000,Circularity,ct_401_circula_ex.mp4
CONTEXT,0 - 7000,Circularity,ct_401_circula_ex.mp4
CONTEXT,0 - 7000,Circularity,ct_401_circula_ex.mp4
CONTEXT,0 - 7000,Circularity,ct_401_circula_ex.mp4
CONTEXT,0 - 7000,Realms of embodiment,ct_310_embodiment_ex.mp4
CONTEXT,0 - 7000,Realms of embodiment,ct_310_embodiment_ex.mp4
CONTEXT,0 - 7000,Realms of embodiment,ct_310_embodiment_ex.mp4
CONTEXT,0 - 7000,Realms of embodiment,ct_310_embodiment_ex.mp4
CONTEXT,0 - 7000,Realms of embodiment,ct_310_embodiment_ex.mp4
CONTEXT,0 - 7000,Realms of embodiment,ct_310_embodiment_ex.mp4
CONTEXT,0 - 7000,Realms of embodiment,ct_310_embodiment_ex.mp4
CONTEXT,0 - 7000,Realms of embodiment,ct_310_embodiment_ex.mp4
CONTEXT,0 - 7000,Realms of embodiment,ct_310_embodiment_ex.mp4
CONTEXT,0 - 7000,Realms of embodiment,ct_310_embodiment_ex.mp4
CONTEXT,0 - 7000,Mahari,ct_103_mahari.mp4
CONTEXT,0 - 7000,Gotipua,ct_105_gotipua.mp4